OLD NAMES,NEW NAMES,SETS,SECTOR
QCurrRenPot            ,QPotRenCurr            ,PGRENEF,Power Generation
" VCurrRenPot(runCy,PGRENEF,YTIME)"," VPotRenCurr(runCy,PGRENEF,YTIME)",PGRENEF,Power Generation
QChpElecPlants           ,QCapElecCHP            ,CHP,Power Generation
" VElecCapChpPla(runCy,CHP,YTIME)"," VCapElecCHP(runCy,CHP,YTIME)",CHP,Power Generation
QLambda              ,QLambda              ,,Power Generation
" VLoadCurveConstr(runCy,YTIME)"," VLambda(runCy,YTIME)",,Power Generation
QElecDem              ,QDemElecTot            ,,Power Generation
" VElecDem(runCy,YTIME)"," VDemElecTot(runCy,YTIME)",,Power Generation
QEstBaseLoad            ,QBsldEst              ,,Power Generation
" VEstBaseLoad(runCy,YTIME)"," VBsldEst(runCy,YTIME)",,Power Generation
QLoadFacDom            ,QLoadFacDom            ,,Power Generation
" VLoadFacDom(runCy,YTIME)"," VLoadFacDom(runCy,YTIME)",,Power Generation
QElecPeakLoad           ,QPeakLoad             ,,Power Generation
" VElecPeakLoad(runCy,YTIME)"," VPeakLoad(runCy,YTIME)",,Power Generation
QBslMaxmLoad            ,QBaseLoadMax            ,,Power Generation
" VBslMaxmLoad(runCy,YTIME)"," VBaseLoadMax(runCy,YTIME)",,Power Generation
QElecBaseLoad           ,QBaseLoad             ,,Power Generation
" VCorrBaseLoad(runCy,YTIME)"," VBaseLoad(runCy,YTIME)",,Power Generation
QTotReqElecProd          ,QProdElecReqTot          ,,Power Generation
" VTotReqElecProd(runCy,YTIME)"," VProdElecReqTot(runCy,YTIME)",,Power Generation
QTotEstElecGenCap         ,QCapElecTotEst           ,,Power Generation
" VTotElecGenCapEst(runCy,YTIME)"," VCapElecTotEst(runCy,YTIME)",,Power Generation
QTotElecGenCap           ,QCapElecTot            ,,Power Generation
" VTotElecGenCap(runCy,YTIME) "," VCapElecTot(runCy,YTIME) ",,Power Generation
QHourProdCostInv          ,QCostHourProdInvDec        ,PGALL,Power Generation
" VHourProdCostTech(runCy,PGALL,HOUR,YTIME)"," VCostHourProdInvDec(runCy,PGALL,HOUR,YTIME)",PGALL,Power Generation
QHourProdCostInvDec        ,QCostHourProdInvDecNoCCS      ,PGALL$NOCCS(PGALL),Power Generation
" VHourProdCostTechNoCCS(runCy,PGALL,HOUR,YTIME)"," VCostHourProdInvDecNoCCS(runCy,PGALL,HOUR,YTIME)",PGALL$NOCCS(PGALL),Power Generation
QGammaInCcsDecTree         ,QSensCCS              ,,Power Generation
" VSensCcs(runCy,YTIME)"," VSensCCS(runCy,YTIME)",,Power Generation
qHourProdCostInvDecisionsAfterCCS ,qCostHourProdInvCCS        ,PGALL$(CCS(PGALL) or NOCCS(PGALL)),Power Generation
" vHourProdCostTechAfterCCS(runCy,PGALL,HOUR,YTIME) "," vCostHourProdInvCCS(runCy,PGALL,HOUR,YTIME) ",PGALL$(CCS(PGALL) or NOCCS(PGALL)),Power Generation
QProdCostInvDecis         ,QCostProdSpecTech         ,PGALL$(CCS(PGALL) or NOCCS(PGALL)),Power Generation
" VProdCostTechnology(runCy,PGALL,YTIME)"," VCostProdSpecTech(runCy,PGALL,YTIME)",PGALL$(CCS(PGALL) or NOCCS(PGALL)),Power Generation
QShrcap              ,QShareNewTechCCS          ,PGALL$CCS(PGALL),Power Generation
" VPowerPlaShrNewEq(runCy,PGALL,YTIME)"," VShareNewTechCCS(runCy,PGALL,YTIME)",PGALL$CCS(PGALL),Power Generation
QShrcapNoCcs            ,QShareNewTechNoCCS         ,PGALL$NOCCS(PGALL),Power Generation
" VPowerPlantNewEq(runCy,PGALL,YTIME)"," VShareNewTechNoCCS(runCy,PGALL,YTIME)",PGALL$NOCCS(PGALL),Power Generation
QVarCostTech            ,QCostVarTech            ,PGALL,Power Generation
" VVarCostTech(runCy,PGALL,YTIME)"," VCostVarTech(runCy,PGALL,YTIME)",PGALL,Power Generation
QVarCostTechNotPGSCRN       ,QCostVarTechNotPGSCRN       ,PGALL$(not PGSCRN(PGALL)),Power Generation
" VVarCostTechNotPGSCRN(runCy,PGALL,YTIME)"," VCostVarTechNotPGSCRN(runCy,PGALL,YTIME)",PGALL$(not PGSCRN(PGALL)),Power Generation
QProdCostTechPreReplac       ,QCostProdTeCHPreReplac       ,PGALL,Power Generation
" VProdCostTechPreReplac(runCy,PGALL,YTIME)"," VCostProdTeCHPreReplac(runCy,PGALL,YTIME)",PGALL,Power Generation
QProdCostTechPreReplacAvail    ,QCostProdTeCHPreReplacAvail    ,"PGALL,PGALL2",Power Generation
" VProdCostTechPreReplacAvail(runCy,PGALL,PGALL2,YTIME)"," VCostProdTeCHPreReplacAvail(runCy,PGALL,PGALL2,YTIME)","PGALL,PGALL2",Power Generation
QEndogScrapIndex          ,QIndxEndogScrap          ,PGALL,Power Generation
" VEndogScrapIndex(runCy,PGALL,YTIME)"," VIndxEndogScrap(runCy,PGALL,YTIME)",PGALL,Power Generation
QElecGenNoChp           ,QCapElecNonCHP           ,,Power Generation
" VElecGenNoChp(runCy,YTIME)"," VCapElecNonCHP(runCy,YTIME)",,Power Generation
QGapPowerGenCap          ,QGapGenCapPowerDiff        ,,Power Generation
" VGapPowerGenCap(runCy,YTIME)"," VGapGenCapPowerDiff(runCy,YTIME)",,Power Generation
qScalWeibull            ,qScalWeibull            ,PGALL$(not CCS(PGALL)),Power Generation
" vScalWeibull(runCy,PGALL,HOUR,YTIME) "," vScalWeibull(runCy,PGALL,HOUR,YTIME) ",PGALL$(not CCS(PGALL)),Power Generation
QRenPotSupplyCurve         ,QPotRenSuppCurve          ,PGRENEF,Power Generation
" VRenPotSupplyCurve(runCy,PGRENEF,YTIME)"," VPotRenSuppCurve(runCy,PGRENEF,YTIME)",PGRENEF,Power Generation
QMaxmAllowRenPotent        ,QPotRenMaxAllow          ,PGRENEF,Power Generation
" VMaxmAllowRenPotent(runCy,PGRENEF,YTIME)"," VPotRenMaxAllow(runCy,PGRENEF,YTIME)",PGRENEF,Power Generation
qMnmAllowRenPot          ,qPotRenMinAllow          ,PGRENEF,Power Generation
" vMnmAllowRenPot(runCy,PGRENEF,YTIME)"," vPotRenMinAllow(runCy,PGRENEF,YTIME)",PGRENEF,Power Generation
QRenTechMatMult          ,QRenTechMatMult          ,PGALL,Power Generation
" VRenTechMatMult(runCy,PGALL,YTIME)"," VRenTechMatMult(runCy,PGALL,YTIME)",PGALL,Power Generation
QScalWeibullSum          ,QScalWeibullSum          ,PGALL$(not CCS(PGALL)),Power Generation
" VScalWeibullSum(runCy,PGALL,YTIME)"," VScalWeibullSum(runCy,PGALL,YTIME)",PGALL$(not CCS(PGALL)),Power Generation
QNewInvDecis            ,QNewInvElec            ,,Power Generation
" VNewInvDecis(runCy,YTIME)"," VNewInvElec(runCy,YTIME)",,Power Generation
QPowPlaShaNewEquip         ,QSharePowPlaNewEq         ,PGALL,Power Generation
" VPowPlaShaNewEquip(runCy,PGALL,YTIME)"," VSharePowPlaNewEq(runCy,PGALL,YTIME)",PGALL,Power Generation
QElecGenCapacity          ,QCapElec              ,PGALL,Power Generation
" VElecGenPlantsCapac(runCy,PGALL,YTIME)"," VCapElec(runCy,PGALL,YTIME)",PGALL,Power Generation
QElecGenCap            ,QCapElec2             ,PGALL,Power Generation
" VElecGenPlanCap(runCy,PGALL,YTIME)"," VCapElec2(runCy,PGALL,YTIME)",PGALL,Power Generation
QVarCostTechnology         ,QCostVarTechElec          ,PGALL,Power Generation
" VVarCostTechnology(runCy,PGALL,YTIME)"," VCostVarTechElec(runCy,PGALL,YTIME)",PGALL,Power Generation
QElecPeakLoads           ,QElecPeakLoads           ,,Power Generation
" VElecPeakLoads(runCy,YTIME) "," VElecPeakLoads(runCy,YTIME) ",,Power Generation
QElectrPeakLoad          ,QSortPlantDispatch         ,PGALL,Power Generation
" VPowPlantSorting(runCy,PGALL,YTIME)"," VSortPlantDispatch(runCy,PGALL,YTIME)",PGALL,Power Generation
QNewCapYearly           ,QNewCapElec            ,PGALL$(PGREN(PGALL)),Power Generation
" VNewCapYearly(runCy,PGALL,YTIME)"," VNewCapElec(runCy,PGALL,YTIME)",PGALL$(PGREN(PGALL)),Power Generation
QAvgCapFacRes           ,QCFAvgRen             ,PGALL$(PGREN(PGALL)),Power Generation
" VAvgCapFacRes(runCy,PGALL,YTIME)"," VCFAvgRen(runCy,PGALL,YTIME)",PGALL$(PGREN(PGALL)),Power Generation
QOverallCap            ,QCapOverall            ,PGALL,Power Generation
" VOverallCap(runCy,PGALL,YTIME)"," VCapOverall(runCy,PGALL,YTIME)",PGALL,Power Generation
QScalFacPlantDispatch       ,QScalFacPlantDispatch       ,,Power Generation
 VScalFacPlaDisp, VScalFacPlaDisp,,Power Generation
QElecChpPlants           ,QProdElecEstCHP          ,,Power Generation
" VElecChpPlants(runCy,YTIME) "," VProdElecEstCHP(runCy,YTIME) ",,Power Generation
QNonChpElecProd          ,QProdElecNonCHP          ,,Power Generation
" VNonChpElecProd(runCy,YTIME) "," VProdElecNonCHP(runCy,YTIME) ",,Power Generation
QReqElecProd            ,QProdElecReqCHP            ,,Power Generation
" VReqElecProd(runCy,YTIME) "," VProdElecReqCHP(runCy,YTIME) ",,Power Generation
QElecProdPowGenPlants       ,QProdElec             ,PGALL,Power Generation
" VElecProd(runCy,PGALL,YTIME)"," VProdElec(runCy,PGALL,YTIME)",PGALL,Power Generation
qSecContrTotChpProd        ,qSecContrTotCHPProd        ,"(INDDOM,CHP)$(SECTTECH(INDDOM,CHP))",Power Generation
" vSecContrTotChpProd(runCy,INDDOM,CHP,YTIME)"," vSecContrTotCHPProd(runCy,INDDOM,CHP,YTIME)","(INDDOM,CHP)$(SECTTECH(INDDOM,CHP))",Power Generation
QElecProdChpPlants         ,QProdElecCHP            ,CHP,Power Generation
" VChpElecProd(runCy,CHP,YTIME)"," VProdElecCHP(runCy,CHP,YTIME)",CHP,Power Generation
qShareRenGrossElecProd       ,QShareRenGrossProd         ,,Power Generation
QLonPowGenCostTechNoCp       ,QCostPowGenLngTechNoCp       ,"(PGALL,ESET)",Power Generation
" VLongPowGenCost(runCy,PGALL,ESET,YTIME)"," VCostPowGenLngTechNoCp(runCy,PGALL,ESET,YTIME)","(PGALL,ESET)",Power Generation
qLonMnmpowGenCost         ,qCostPowGenLonMin         ,PGALL,Power Generation
" vLonMnmpowGenCost(runCy,PGALL,YTIME)"," vCostPowGenLonMin(runCy,PGALL,YTIME)",PGALL,Power Generation
qLongPowGenIntPri         ,qCostPowGenLongIntPri       ,"(PGALL,ESET)",Power Generation
" vLongPowGenIntPri(runCy,PGALL,ESET,YTIME)"," vCostPowGenLongIntPri(runCy,PGALL,ESET,YTIME)","(PGALL,ESET)",Power Generation
qShoPowGenIntPri          ,qCostPowGenShortIntPri       ,"(PGALL,ESET)",Power Generation
" vShoPowGenIntPri(runCy,PGALL,ESET,YTIME)"," vCostPowGenShortIntPri(runCy,PGALL,ESET,YTIME)","(PGALL,ESET)",Power Generation
QLongPowGenCost          ,QCostPowGenAvgLng         ,ESET,Power Generation
" VLongAvgPowGenCost(runCy,ESET,YTIME)"," VCostPowGenAvgLng(runCy,ESET,YTIME)",ESET,Power Generation
QLonAvgPowGenCostNoClimPol     ,QCostAvgPowGenLonNoClimPol     ,"(PGALL,ESET)",Power Generation
" VLonAvgPowGenCostNoClimPol(runCy,PGALL,ESET,YTIME)"," VCostAvgPowGenLonNoClimPol(runCy,PGALL,ESET,YTIME)","(PGALL,ESET)",Power Generation
QLonPowGenCostNoClimPol      ,QCostPowGenLonNoClimPol      ,ESET,Power Generation
" VLonPowGenCostNoClimPol(runCy,ESET,YTIME)"," VCostPowGenLonNoClimPol(runCy,ESET,YTIME)",ESET,Power Generation
QElecPriIndResNoCliPol       ,QPriceElecIndResNoCliPol      ,ESET,Power Generation
" VElecPriIndResNoCliPol(runCy,ESET,YTIME)"," VPriceElecIndResNoCliPol(runCy,ESET,YTIME)",ESET,Power Generation
qShortPowGenCost          ,qCostPowGenAvgShrt         ,ESET,Power Generation
" vAvgPowerGenCostShoTrm(runCy,ESET,YTIME)"," vCostPowGenAvgShrt(runCy,ESET,YTIME)",ESET,Power Generation
QPassCarsLft            ,Q01Lft               ,"(DSBS,EF)$(sameas(DSBS,""PC"") $SECTTECH(DSBS,EF))",Transport
" VLifeTimeTech(runCy,DSBS,EF,YTIME)"," VMVLft(runCy,DSBS,EF,YTIME)","(DSBS,EF)$(sameas(DSBS,""PC"") $SECTTECH(DSBS,EF))",Transport
QGoodsTranspActiv         ,QActivGoodsTransp         ,TRANSE$(TRANG(TRANSE)),Transport
" VGoodsTranspActiv(runCy,TRANSE,YTIME)"," VActivGoodsTransp(runCy,TRANSE,YTIME)",TRANSE$(TRANG(TRANSE)),Transport
QGapTranspActiv          ,QGapTranspActiv          ,TRANSE,Transport
" VGapTranspFillNewTech(runCy,TRANSE,YTIME)"," VGapTranspActiv(runCy,TRANSE,YTIME)",TRANSE,Transport
QSpecificFuelCons         ,QConsSpecificFuel         ,"(TRANSE,TTECH,EF)$(SECTTECH(TRANSE,EF) $TTECHtoEF(TTECH,EF))",Transport
" VSpecificFuelCons(runCy,TRANSE,TTECH,EF,YTIME)"," VConsSpecificFuel(runCy,TRANSE,TTECH,EF,YTIME)","(TRANSE,TTECH,EF)$(SECTTECH(TRANSE,EF) $TTECHtoEF(TTECH,EF))",Transport
QTranspCostPerMeanConsSize     ,QCostTranspPerMeanConsSize     ,"(TRANSE,TTECH)$SECTTECH(TRANSE,TTECH)",Transport
" VTranspCostPermeanConsSize(runCy,TRANSE,rCon,TTECH,YTIME)"," VCostTranspPerMeanConsSize(runCy,TRANSE,rCon,TTECH,YTIME)","(TRANSE,TTECH)$SECTTECH(TRANSE,TTECH)",Transport
QTranspCostPerVeh         ,QCostTranspPerVeh         ,"(TRANSE,TTECH)$SECTTECH(TRANSE,TTECH)",Transport
" VTranspCostPerVeh(runCy,TRANSE,rCon,TTECH,YTIME)"," VCostTranspPerVeh(runCy,TRANSE,rCon,TTECH,YTIME)","(TRANSE,TTECH)$SECTTECH(TRANSE,TTECH)",Transport
QTranspCostMatFac         ,QCostTranspMatFac         ,"(TRANSE,TTECH)$SECTTECH(TRANSE,TTECH)",Transport
" VTranspCostMatFac(runCy,TRANSE,RCon,TTECH,YTIME) "," VCostTranspMatFac(runCy,TRANSE,RCon,TTECH,YTIME) ","(TRANSE,TTECH)$SECTTECH(TRANSE,TTECH)",Transport
QTechSortVarCost          ,QTechSortVarCost          ,TRANSE,Transport
" VTechSortVarCost(runCy,TRANSE,rCon,YTIME)"," VTechSortVarCost(runCy,TRANSE,rCon,YTIME)",TRANSE,Transport
QTechSortVarCostNewEquip      ,QShareTechTr         ,"(TRANSE,TTECH)$SECTTECH(TRANSE,TTECH)",Transport
" VTechSortVarCostNewEquip(runCy,TRANSE,TTECH,YTIME)"," VShareTechTr(runCy,TRANSE,TTECH,YTIME)","(TRANSE,TTECH)$SECTTECH(TRANSE,TTECH)",Transport
QConsEachTechTransp        ,QConsTechTranspSectoral      ,"(TRANSE,TTECH,EF)$(SECTTECH(TRANSE,EF) $TTECHtoEF(TTECH,EF))",Transport
" VConsEachTechTransp(runCy,TRANSE,TTECH,EF,YTIME)"," VConsTechTranspSectoral(runCy,TRANSE,TTECH,EF,YTIME)","(TRANSE,TTECH,EF)$(SECTTECH(TRANSE,EF) $TTECHtoEF(TTECH,EF))",Transport
QFinEneDemTranspPerFuel      ,Q01DemFinEneTranspPerFuel      ,"(TRANSE,EF)$(SECTTECH(TRANSE,EF))",Transport
" VDemTr(runCy,TRANSE,EF,YTIME)"," VMVDemFinEneTranspPerFuel(runCy,TRANSE,EF,YTIME)","(TRANSE,EF)$(SECTTECH(TRANSE,EF))",Transport
qFinEneDemTransp          ,qDemFinEneSubTransp        ,TRANSE,Transport
" vFinEneDemTranspSub(runCy,TRANSE,YTIME)"," vDemFinEneSubTransp(runCy,TRANSE,YTIME)",TRANSE,Transport
QMExtV               ,QMEPcGdp              ,,Transport
" VMExtV(runCy,YTIME)"," VMEPcGdp(runCy,YTIME)",,Transport
QMExtF               ,QMEPcNonGdp            ,,Transport
" VMExtF(runCy,YTIME)"," VMEPcNonGdp(runCy,YTIME)",,Transport
QNumVeh              ,QStockPcYearly           ,,Transport
" VNumVeh(runCy,YTIME)"," VStockPcYearly(runCy,YTIME)",,Transport
QNewReg              ,QNewRegPcYearly          ,,Transport
" VNewReg(runCy,YTIME)"," VNewRegPcYearly(runCy,YTIME)",,Transport
QTrnspActiv            ,QActivPassTrnsp          ,TRANSE$(TRANP(TRANSE)),Transport
" VTrnspActiv(runCy,TRANSE,YTIME)"," VActivPassTrnsp(runCy,TRANSE,YTIME)",TRANSE$(TRANP(TRANSE)),Transport
QScrap               ,QNumPcScrap            ,,Transport
" VScrap(runCy,YTIME)"," VNumPcScrap(runCy,YTIME)",,Transport
QLevl               ,QPcOwnPcLevl            ,,Transport
" VLamda(runCy,YTIME)"," VPcOwnPcLevl(runCy,YTIME)",,Transport
QScrRate              ,QRateScrPc             ,,Transport
" VScrRate(runCy,YTIME)"," VRateScrPc(runCy,YTIME)",,Transport
QElecConsAll            ,QConsElec             ,DSBS,Transport
" VElecConsAll(runCy,DSBS,YTIME)"," VConsElec(runCy,DSBS,YTIME)",DSBS,Transport
QElecConsNonSub          ,QConsElecNonSubIndTert       ,INDOM,INDUSTRY - DOMESTIC - NON ENERGY USES - BUNKERS VARIABLES
" VElecNonSub(runCy,INDDOM,YTIME)"," VConsElecNonSubIndTert(runCy,INDDOM,YTIME)",INDOM,INDUSTRY - DOMESTIC - NON ENERGY USES - BUNKERS VARIABLES
QConsOfRemSubEquip         ,QConsRemSubEquipSubSec       ,"(DSBS,EF)$(not TRANSE(DSBS)) $SECTTECH(DSBS,EF)",INDUSTRY - DOMESTIC - NON ENERGY USES - BUNKERS VARIABLES
" VConsRemSubEquip(runCy,DSBS,EF,YTIME)"," VConsRemSubEquipSubSec(runCy,DSBS,EF,YTIME)","(DSBS,EF)$(not TRANSE(DSBS)) $SECTTECH(DSBS,EF)",INDUSTRY - DOMESTIC - NON ENERGY USES - BUNKERS VARIABLES
QDemSub              ,QDemFinSubFuelSubsec        ,DSBS $(not TRANSE(DSBS)),INDUSTRY - DOMESTIC - NON ENERGY USES - BUNKERS VARIABLES
" VDemSub(runCy,DSBS,YTIME)"," VDemFinSubFuelSubsec(runCy,DSBS,YTIME)",DSBS $(not TRANSE(DSBS)),INDUSTRY - DOMESTIC - NON ENERGY USES - BUNKERS VARIABLES
qElecConsInd            ,qConsTotElecInd          ,,INDUSTRY - DOMESTIC - NON ENERGY USES - BUNKERS VARIABLES
" vElecConsInd(runCy,YTIME)"," vConsTotElecInd(runCy,YTIME)",,INDUSTRY - DOMESTIC - NON ENERGY USES - BUNKERS VARIABLES
qDemInd              ,qDemFinSubFuelInd         ,,INDUSTRY - DOMESTIC - NON ENERGY USES - BUNKERS VARIABLES
" vDemInd(runCy,YTIME)"," vDemFinSubFuelInd(runCy,YTIME)",,INDUSTRY - DOMESTIC - NON ENERGY USES - BUNKERS VARIABLES
QElecIndPrices           ,QPriceElecInd           ,,INDUSTRY - DOMESTIC - NON ENERGY USES - BUNKERS VARIABLES
" VElecIndPrices(runCy,YTIME)"," VPriceElecInd(runCy,YTIME)",,INDUSTRY - DOMESTIC - NON ENERGY USES - BUNKERS VARIABLES
QFuelCons             ,QConsFuel             ,"(DSBS,EF)$(not TRANSE(DSBS)) $SECTTECH(DSBS,EF) $(not HEATPUMP(EF)))",INDUSTRY - DOMESTIC - NON ENERGY USES - BUNKERS VARIABLES
" VConsFuel(runCy,DSBS,EF,YTIME)"," VConsFuel(runCy,DSBS,EF,YTIME)","(DSBS,EF)$(not TRANSE(DSBS)) $SECTTECH(DSBS,EF) $(not HEATPUMP(EF)))",INDUSTRY - DOMESTIC - NON ENERGY USES - BUNKERS VARIABLES
QElecIndPricesEst         ,QIndxElecIndPrices         ,,INDUSTRY - DOMESTIC - NON ENERGY USES - BUNKERS VARIABLES
" VElecIndPricesEst(runCy,YTIME)"," VIndxElecIndPrices(runCy,YTIME)",,INDUSTRY - DOMESTIC - NON ENERGY USES - BUNKERS VARIABLES
QFuePriSubChp           ,QPriceFuelSubsecCHP        ,"(DSBS,EF)$((not TRANSE(DSBS))  $SECTTECH(DSBS,EF) )",INDUSTRY - DOMESTIC - NON ENERGY USES - BUNKERS VARIABLES
" VFuePriSubChp(runCy,DSBS,EF,YTIME)"," VPriceFuelSubsecCHP(runCy,DSBS,EF,YTIME)","(DSBS,EF)$((not TRANSE(DSBS))  $SECTTECH(DSBS,EF) )",INDUSTRY - DOMESTIC - NON ENERGY USES - BUNKERS VARIABLES
QElecProdCosChp          ,QCostElecProdCHP          ,"(DSBS,CHP)$(INDDOM(DSBS))",INDUSTRY - DOMESTIC - NON ENERGY USES - BUNKERS VARIABLES
" VElecProdCostChp(runCy,DSBS,CHP,YTIME)"," VCostElecProdCHP(runCy,DSBS,CHP,YTIME)","(DSBS,CHP)$(INDDOM(DSBS))",INDUSTRY - DOMESTIC - NON ENERGY USES - BUNKERS VARIABLES
QTechCost             ,QCostTech             ,DSBS $(not TRANSE(DSBS)),INDUSTRY - DOMESTIC - NON ENERGY USES - BUNKERS VARIABLES
" VTechCost(runCy,DSBS,rCon,EF,YTIME) "," VCostTech(runCy,DSBS,rCon,EF,YTIME) ",DSBS $(not TRANSE(DSBS)),INDUSTRY - DOMESTIC - NON ENERGY USES - BUNKERS VARIABLES
QTechCostIntrm           ,QCostTechIntrm           ,DSBS $(not TRANSE(DSBS)),INDUSTRY - DOMESTIC - NON ENERGY USES - BUNKERS VARIABLES
" VTechCostIntrm(runCy,DSBS,rCon,EF,YTIME) "," VCostTechIntrm(runCy,DSBS,rCon,EF,YTIME) ",DSBS $(not TRANSE(DSBS)),INDUSTRY - DOMESTIC - NON ENERGY USES - BUNKERS VARIABLES
QTechCostMatr           ,QCostTechMatFac          ,DSBS $(not TRANSE(DSBS)),INDUSTRY - DOMESTIC - NON ENERGY USES - BUNKERS VARIABLES
" VTechCostMatr(runCy,DSBS,rCon,EF,YTIME) "," VCostTechMatFac(runCy,DSBS,rCon,EF,YTIME) ",DSBS $(not TRANSE(DSBS)),INDUSTRY - DOMESTIC - NON ENERGY USES - BUNKERS VARIABLES
QTechSort             ,QSortTechVarCost          ,DSBS $(not TRANSE(DSBS)),INDUSTRY - DOMESTIC - NON ENERGY USES - BUNKERS VARIABLES
" VTechSort(runCy,DSBS,rCon,YTIME)"," VSortTechVarCost(runCy,DSBS,rCon,YTIME)",DSBS $(not TRANSE(DSBS)),INDUSTRY - DOMESTIC - NON ENERGY USES - BUNKERS VARIABLES
QGapFinalDem            ,QGapFinalDem            ,DSBS $(not TRANSE(DSBS)),INDUSTRY - DOMESTIC - NON ENERGY USES - BUNKERS VARIABLES
" VGapFinalDem(runCy,DSBS,YTIME)"," VGapFinalDem(runCy,DSBS,YTIME)",DSBS $(not TRANSE(DSBS)),INDUSTRY - DOMESTIC - NON ENERGY USES - BUNKERS VARIABLES
QTechShareNewEquip         ,QShareTechNewEquip         ,DSBS $(not TRANSE(DSBS)),INDUSTRY - DOMESTIC - NON ENERGY USES - BUNKERS VARIABLES
" VTechShareNewEquip(runCy,DSBS,EF,YTIME)"," VShareTechNewEquip(runCy,DSBS,EF,YTIME)",DSBS $(not TRANSE(DSBS)),INDUSTRY - DOMESTIC - NON ENERGY USES - BUNKERS VARIABLES
QFuelConsInclHP          ,QConsFuelInclHP          ,"(DSBS,EF)$(not TRANSE(DSBS)) $SECTTECH(DSBS,EF)",INDUSTRY - DOMESTIC - NON ENERGY USES - BUNKERS VARIABLES
" VFuelConsInclHP(runCy,DSBS,EF,YTIME)"," VConsFuelInclHP(runCy,DSBS,EF,YTIME)","(DSBS,EF)$(not TRANSE(DSBS)) $SECTTECH(DSBS,EF)",INDUSTRY - DOMESTIC - NON ENERGY USES - BUNKERS VARIABLES
QVarProCostPerCHPDem        ,QCostProdCHPDem          ,"(DSBS,CHP)$(INDDOM(DSBS))",INDUSTRY - DOMESTIC - NON ENERGY USES - BUNKERS VARIABLES
" VProCostCHPDem(runCy,DSBS,CHP,YTIME)"," VCostProdCHPDem(runCy,DSBS,CHP,YTIME)","(DSBS,CHP)$(INDDOM(DSBS))",INDUSTRY - DOMESTIC - NON ENERGY USES - BUNKERS VARIABLES
QAvgElcProCostCHP         ,QCostElcAvgProdCHP         ,CHP,INDUSTRY - DOMESTIC - NON ENERGY USES - BUNKERS VARIABLES
" VAvgElcProCHP(runCy,CHP,YTIME)"," VCostElcAvgProdCHP(runCy,CHP,YTIME)",CHP,INDUSTRY - DOMESTIC - NON ENERGY USES - BUNKERS VARIABLES
QAvgVarElecProd          ,QCostVarAvgElecProd        ,CHP,INDUSTRY - DOMESTIC - NON ENERGY USES - BUNKERS VARIABLES
" VAvgVarProdCostCHP(runCy,CHP,YTIME)"," VCostVarAvgElecProd(runCy,CHP,YTIME)",CHP,INDUSTRY - DOMESTIC - NON ENERGY USES - BUNKERS VARIABLES
QTotFinEneCons           ,QConsFinEneCountry         ,EFS,REST OF ENERGY BALANCE SECTORS
" VFeCons(runCy,EFS,YTIME)"," VConsFinEneCountry(runCy,EFS,YTIME)",EFS,REST OF ENERGY BALANCE SECTORS
qTotFinEneConsAll         ,qConsTotFinEne           ,,REST OF ENERGY BALANCE SECTORS
 vTotFinEneConsAll(YTIME), vConsTotFinEne(YTIME),,REST OF ENERGY BALANCE SECTORS
QFinNonEneCons           ,QConsFinNonEne           ,EFS,REST OF ENERGY BALANCE SECTORS
" VFNonEnCons(runCy,EFS,YTIME)"," VConsFinNonEne(runCy,EFS,YTIME)",EFS,REST OF ENERGY BALANCE SECTORS
QDistrLosses            ,QLossesDistr            ,EFS,REST OF ENERGY BALANCE SECTORS
" VLosses(runCy,EFS,YTIME)"," VLossesDistr(runCy,EFS,YTIME)",EFS,REST OF ENERGY BALANCE SECTORS
QTranfOutputDHPlants        ,QOutTransfDhp           ,STEAM,REST OF ENERGY BALANCE SECTORS
" VTransfOutputDHPlants(runCy,STEAM,YTIME)"," VOutTransfDhp(runCy,STEAM,YTIME)",STEAM,REST OF ENERGY BALANCE SECTORS
QTransfInputDHPlants        ,QTransfInputDHPlants        ,EFS,REST OF ENERGY BALANCE SECTORS
" VTransfInputDHPlants(runCy,EFS,YTIME)"," VTransfInputDHPlants(runCy,EFS,YTIME)",EFS,REST OF ENERGY BALANCE SECTORS
QRefCapacity            ,QCapRef              ,,REST OF ENERGY BALANCE SECTORS
" VRefCapacity(runCy,YTIME)"," VCapRef(runCy,YTIME)",,REST OF ENERGY BALANCE SECTORS
QTranfOutputRefineries       ,QOutTransfRefSpec         ,"EFS$(EFtoEFA(EFS,""LQD""))",REST OF ENERGY BALANCE SECTORS
" VTransfOutputRefineries(runCy,EFS,YTIME)"," VOutTransfRefSpec(runCy,EFS,YTIME)","EFS$(EFtoEFA(EFS,""LQD""))",REST OF ENERGY BALANCE SECTORS
QTransfInputRefineries       ,QInputTransfRef          ,"""CRO""",REST OF ENERGY BALANCE SECTORS
" VTransfInputRefineries(runCy,""CRO"",YTIME)"," VInputTransfRef(runCy,""CRO"",YTIME)","""CRO""",REST OF ENERGY BALANCE SECTORS
QTransfOutputNuclear        ,QOutTransfNuclear         ,"""ELC""",REST OF ENERGY BALANCE SECTORS
" VTransfOutputNuclear(runCy,""ELC"",YTIME)"," VOutTransfNuclear(runCy,""ELC"",YTIME)","""ELC""",REST OF ENERGY BALANCE SECTORS
QTransfInNuclear          ,QInpTransfNuclear         ,"""NUC""",REST OF ENERGY BALANCE SECTORS
" VTransfInNuclear(runCy,""NUC"",YTIME)"," VInpTransfNuclear(runCy,""NUC"",YTIME)","""NUC""",REST OF ENERGY BALANCE SECTORS
QTransfInPowerPls         ,QInpTransfTherm          ,PGEF,REST OF ENERGY BALANCE SECTORS
" VTransfInThermPowPls(runCy,PGEF,YTIME)"," VInpTransfTherm(runCy,PGEF,YTIME)",PGEF,REST OF ENERGY BALANCE SECTORS
QTransfOutThermPP         ,QOutTransfTherm          ,TOCTEF,REST OF ENERGY BALANCE SECTORS
" VTransfOutThermPP(runCy,TOCTEF,YTIME)"," VOutTransfTherm(runCy,TOCTEF,YTIME)",TOCTEF,REST OF ENERGY BALANCE SECTORS
QTotTransfInput          ,QInpTotTransf           ,EFS,REST OF ENERGY BALANCE SECTORS
" VTotTransfInput(runCy,EFS,YTIME)"," VInpTotTransf(runCy,EFS,YTIME)",EFS,REST OF ENERGY BALANCE SECTORS
QTotTransfOutput          ,QOutTotTransf           ,EFS,REST OF ENERGY BALANCE SECTORS
" VTotTransfOutput(runCy,EFS,YTIME)"," VOutTotTransf(runCy,EFS,YTIME)",EFS,REST OF ENERGY BALANCE SECTORS
QTransfers             ,QTransfers             ,EFS,REST OF ENERGY BALANCE SECTORS
" VTransfers(runCy,EFS,YTIME)"," VTransfers(runCy,EFS,YTIME)",EFS,REST OF ENERGY BALANCE SECTORS
QGrsInlConsNotEneBranch      ,QConsGrssInlNotEneBranch      ,EFS,REST OF ENERGY BALANCE SECTORS
" VGrsInlConsNotEneBranch(runCy,EFS,YTIME)"," VConsGrssInlNotEneBranch(runCy,EFS,YTIME)",EFS,REST OF ENERGY BALANCE SECTORS
QGrssInCons            ,QConsGrssInl            ,EFS,REST OF ENERGY BALANCE SECTORS
" VGrssInCons(runCy,EFS,YTIME)      "," VConsGrssInl(runCy,EFS,YTIME)      ",EFS,REST OF ENERGY BALANCE SECTORS
QPrimProd             ,QProdPrimary            ,PPRODEF,REST OF ENERGY BALANCE SECTORS
" VPrimProd(runCy,PPRODEF,YTIME)"," VProdPrimary(runCy,PPRODEF,YTIME)",PPRODEF,REST OF ENERGY BALANCE SECTORS
QFakeExp              ,QExp                ,EFS$(IMPEF(EFS)),REST OF ENERGY BALANCE SECTORS
" VExportsFake(runCy,EFS,YTIME)"," VExp(runCy,EFS,YTIME)",EFS$(IMPEF(EFS)),REST OF ENERGY BALANCE SECTORS
QFakeImprts            ,QImp                ,EFS$(IMPEF(EFS)),REST OF ENERGY BALANCE SECTORS
" VFkImpAllFuelsNotNatGas(runCy,EFS,YTIME)"," VImp(runCy,EFS,YTIME)",EFS$(IMPEF(EFS)),REST OF ENERGY BALANCE SECTORS
QNetImports            ,QImpNetEneBrnch          ,EFS,REST OF ENERGY BALANCE SECTORS
" VNetImports(runCy,EFS,YTIME)"," VImpNetEneBrnch(runCy,EFS,YTIME)",EFS,REST OF ENERGY BALANCE SECTORS
QEneBrnchEneCons          ,QConsFiEneSec           ,EFS,REST OF ENERGY BALANCE SECTORS
" VEnCons(runCy,EFS,YTIME)"," VConsFiEneSec(runCy,EFS,YTIME)",EFS,REST OF ENERGY BALANCE SECTORS
QCO2ElcHrg             ,QCapCO2ElecHydr          ,,CO2 SEQUESTRATION COST CURVES
" VCO2ElcHrgProd(runCy,YTIME)"," VCapCO2ElecHydr(runCy,YTIME)",,CO2 SEQUESTRATION COST CURVES
QCumCO2Capt            ,QCaptCummCO2            ,,CO2 SEQUESTRATION COST CURVES
" VCumCO2Capt(runCy,YTIME)"," VCaptCummCO2(runCy,YTIME)",,CO2 SEQUESTRATION COST CURVES
QWghtTrnstLinToExpo        ,QTrnsWghtLinToExp         ,,CO2 SEQUESTRATION COST CURVES
" VWghtTrnstLnrToExpo(runCy,YTIME)"," VTrnsWghtLinToExp(runCy,YTIME)",,CO2 SEQUESTRATION COST CURVES
QCstCO2SeqCsts           ,QCstCO2SeqCsts           ,,CO2 SEQUESTRATION COST CURVES
" VCO2SeqCsts(runCy,YTIME)  "," VCstCO2SeqCsts(runCy,YTIME)    ",,CO2 SEQUESTRATION COST CURVES
QTotGhgEmisAllCountrNap      ,QGrnnHsEmisCO2Equiv        ,NAP,EMISSIONS CONSTRAINTS
" VTotGhgEmisAllCountrNap(NAP,YTIME)"," VGrnnHsEmisCO2Equiv(NAP,YTIME)",NAP,EMISSIONS CONSTRAINTS
qTotCo2AllCoun          ,qGrnnHsEmisCO2EquivAllCntr     ,,EMISSIONS CONSTRAINTS
 vTotCo2AllCoun(YTIME) , vGrnnHsEmisCO2EquivAllCntr(YTIME) ,,EMISSIONS CONSTRAINTS
qHouseExpEne            ,qExpendHouseEne          ,,EMISSIONS CONSTRAINTS
" vHouseExpEne(runCy,YTIME)"," vExpendHouseEne(runCy,YTIME)",,EMISSIONS CONSTRAINTS
QFuelPriSubSepCarbVal       ,QPriceFuelSubsecCarVal        ,"(SBS,EF)$$(SECTTECH(SBS,EF)$(not sameas(""NUC"",EF)))",EMISSIONS CONSTRAINTS
" VFuelPriceSub(runCy,SBS,EF,YTIME)"," VPriceFuelSubsecCarVal(runCy,SBS,EF,YTIME)","(SBS,EF)$$(SECTTECH(SBS,EF)$(not sameas(""NUC"",EF)))",EMISSIONS CONSTRAINTS
QFuelPriSepCarbon         ,QPriceFuelSepCarbonWght      ,"(DSBS,EF)$(SECTTECH(DSBS,EF)",EMISSIONS CONSTRAINTS
" VFuelPriMultWgt(runCy,DSBS,EF,YTIME)"," VPriceFuelSepCarbonWght(runCy,DSBS,EF,YTIME)","(DSBS,EF)$(SECTTECH(DSBS,EF)",EMISSIONS CONSTRAINTS
QAvgFuelPriSub           ,QPriceFuelAvgSub          ,DSBS,EMISSIONS CONSTRAINTS
" VFuelPriceAvg(runCy,DSBS,YTIME)"," VPriceFuelAvgSub(runCy,DSBS,YTIME)",DSBS,EMISSIONS CONSTRAINTS
QElecPriIndResCons         ,QPriceElecIndResConsu       ,ESET,EMISSIONS CONSTRAINTS
" VElecPriInduResConsu(runCy,ESET,YTIME)"," VPriceElecIndResConsu(runCy,ESET,YTIME)",ESET,EMISSIONS CONSTRAINTS
